Id,task_1,task_2
D:/image_datasets/skin_cancer_images/test\melanoma\ISIC_0012258.jpg,-0.46471417,-0.33671445
D:/image_datasets/skin_cancer_images/test\melanoma\ISIC_0012356.jpg,-2.8407493,-1.5680836
D:/image_datasets/skin_cancer_images/test\melanoma\ISIC_0012369.jpg,0.72100025,-0.51192206
D:/image_datasets/skin_cancer_images/test\melanoma\ISIC_0012395.jpg,0.6254425,-3.1193311
D:/image_datasets/skin_cancer_images/test\melanoma\ISIC_0012425.jpg,-0.39426097,0.7099463
D:/image_datasets/skin_cancer_images/test\melanoma\ISIC_0012758.jpg,0.91793466,-3.2728937
D:/image_datasets/skin_cancer_images/test\melanoma\ISIC_0012989.jpg,-0.050276555,-1.1785647
D:/image_datasets/skin_cancer_images/test\melanoma\ISIC_0013072.jpg,0.20430973,-0.06305003
D:/image_datasets/skin_cancer_images/test\melanoma\ISIC_0013073.jpg,1.3977648,-3.358073
D:/image_datasets/skin_cancer_images/test\melanoma\ISIC_0013242.jpg,0.9906156,-4.952441
D:/image_datasets/skin_cancer_images/test\melanoma\ISIC_0013277.jpg,-1.3753088,-0.50499135
D:/image_datasets/skin_cancer_images/test\melanoma\ISIC_0013321.jpg,0.29564258,0.9276364
D:/image_datasets/skin_cancer_images/test\melanoma\ISIC_0013374.jpg,0.66436934,-1.7473868
D:/image_datasets/skin_cancer_images/test\melanoma\ISIC_0013411.jpg,1.1535581,0.7648109
D:/image_datasets/skin_cancer_images/test\melanoma\ISIC_0013414.jpg,-0.83106947,-2.3707235
D:/image_datasets/skin_cancer_images/test\melanoma\ISIC_0013455.jpg,1.7377374,-4.9736714
D:/image_datasets/skin_cancer_images/test\melanoma\ISIC_0013457.jpg,0.16957363,-0.7198595
D:/image_datasets/skin_cancer_images/test\melanoma\ISIC_0013459.jpg,0.16087589,-2.3222768
D:/image_datasets/skin_cancer_images/test\melanoma\ISIC_0013472.jpg,-1.3767881,-0.68030703
D:/image_datasets/skin_cancer_images/test\melanoma\ISIC_0013473.jpg,1.0120999,-1.5425568
D:/image_datasets/skin_cancer_images/test\melanoma\ISIC_0013565.jpg,-0.039604194,-1.5664089
D:/image_datasets/skin_cancer_images/test\melanoma\ISIC_0013577.jpg,0.3616482,-0.615355
D:/image_datasets/skin_cancer_images/test\melanoma\ISIC_0013588.jpg,-0.8848027,0.67290586
D:/image_datasets/skin_cancer_images/test\melanoma\ISIC_0013615.jpg,0.49071547,-2.4003172
D:/image_datasets/skin_cancer_images/test\melanoma\ISIC_0013617.jpg,-0.120685674,0.22017094
D:/image_datasets/skin_cancer_images/test\melanoma\ISIC_0013636.jpg,0.31940818,-1.1030362
D:/image_datasets/skin_cancer_images/test\melanoma\ISIC_0013678.jpg,-1.1958843,-3.036204
D:/image_datasets/skin_cancer_images/test\melanoma\ISIC_0013696.jpg,-1.9850657,-2.356479
D:/image_datasets/skin_cancer_images/test\melanoma\ISIC_0013733.jpg,1.9373547,-2.907308
D:/image_datasets/skin_cancer_images/test\melanoma\ISIC_0013739.jpg,-0.72566664,-0.6534855
D:/image_datasets/skin_cancer_images/test\melanoma\ISIC_0013766.jpg,1.9291979,-4.7423306
D:/image_datasets/skin_cancer_images/test\melanoma\ISIC_0013767.jpg,-1.3882189,-2.3802388
D:/image_datasets/skin_cancer_images/test\melanoma\ISIC_0013813.jpg,-0.40092215,-1.0328919
D:/image_datasets/skin_cancer_images/test\melanoma\ISIC_0013814.jpg,-0.040432088,-1.9055438
D:/image_datasets/skin_cancer_images/test\melanoma\ISIC_0013833.jpg,-0.8224965,-2.1256163
D:/image_datasets/skin_cancer_images/test\melanoma\ISIC_0013842.jpg,0.73870385,-0.8138447
D:/image_datasets/skin_cancer_images/test\melanoma\ISIC_0013867.jpg,0.17922392,0.03284586
D:/image_datasets/skin_cancer_images/test\melanoma\ISIC_0013908.jpg,0.5238946,-1.9767411
D:/image_datasets/skin_cancer_images/test\melanoma\ISIC_0013917.jpg,-0.07696513,-0.41279122
D:/image_datasets/skin_cancer_images/test\melanoma\ISIC_0013925.jpg,-0.9438473,2.0195832
D:/image_datasets/skin_cancer_images/test\melanoma\ISIC_0013948.jpg,0.9892216,-2.0586014
D:/image_datasets/skin_cancer_images/test\melanoma\ISIC_0013953.jpg,-0.4934478,-2.258075
D:/image_datasets/skin_cancer_images/test\melanoma\ISIC_0013987.jpg,-2.392807,-1.234852
D:/image_datasets/skin_cancer_images/test\melanoma\ISIC_0013988.jpg,-1.1474658,-0.50835365
D:/image_datasets/skin_cancer_images/test\melanoma\ISIC_0014027.jpg,-1.1479143,1.0962739
D:/image_datasets/skin_cancer_images/test\melanoma\ISIC_0014059.jpg,-0.2921489,-2.098851
D:/image_datasets/skin_cancer_images/test\melanoma\ISIC_0014077.jpg,-1.5410773,-0.5804091
D:/image_datasets/skin_cancer_images/test\melanoma\ISIC_0014103.jpg,-0.04467813,-1.0996459
D:/image_datasets/skin_cancer_images/test\melanoma\ISIC_0014110.jpg,1.9318506,-3.0159123
D:/image_datasets/skin_cancer_images/test\melanoma\ISIC_0014129.jpg,0.30726942,-0.6864842
D:/image_datasets/skin_cancer_images/test\melanoma\ISIC_0014148.jpg,-1.3890203,-1.8968363
D:/image_datasets/skin_cancer_images/test\melanoma\ISIC_0014160.jpg,0.48968187,-1.2840854
D:/image_datasets/skin_cancer_images/test\melanoma\ISIC_0014181.jpg,1.2834485,-2.3540468
D:/image_datasets/skin_cancer_images/test\melanoma\ISIC_0014186.jpg,-0.4254633,-0.5706756
D:/image_datasets/skin_cancer_images/test\melanoma\ISIC_0014219.jpg,0.18201038,0.47384867
D:/image_datasets/skin_cancer_images/test\melanoma\ISIC_0014221.jpg,-0.48738936,-1.8716525
D:/image_datasets/skin_cancer_images/test\melanoma\ISIC_0014233.jpg,0.17961761,0.9193948
D:/image_datasets/skin_cancer_images/test\melanoma\ISIC_0014255.jpg,-1.6281066,0.71577024
D:/image_datasets/skin_cancer_images/test\melanoma\ISIC_0014270.jpg,-0.2322,-1.4923409
D:/image_datasets/skin_cancer_images/test\melanoma\ISIC_0014284.jpg,-0.7090928,-1.3148421
D:/image_datasets/skin_cancer_images/test\melanoma\ISIC_0014288.jpg,0.49607065,-0.16516116
D:/image_datasets/skin_cancer_images/test\melanoma\ISIC_0014319.jpg,2.8435888,-2.8228467
D:/image_datasets/skin_cancer_images/test\melanoma\ISIC_0014336.jpg,0.08129265,-0.6529913
D:/image_datasets/skin_cancer_images/test\melanoma\ISIC_0014349.jpg,0.973653,-1.9416837
D:/image_datasets/skin_cancer_images/test\melanoma\ISIC_0014369.jpg,1.3688813,-3.6833923
D:/image_datasets/skin_cancer_images/test\melanoma\ISIC_0014423.jpg,-0.94777954,-0.4509107
D:/image_datasets/skin_cancer_images/test\melanoma\ISIC_0014434.jpg,-1.2460121,0.0582628
D:/image_datasets/skin_cancer_images/test\melanoma\ISIC_0014454.jpg,-0.24099886,-1.1484758
D:/image_datasets/skin_cancer_images/test\melanoma\ISIC_0014478.jpg,1.7406448,-2.398227
D:/image_datasets/skin_cancer_images/test\melanoma\ISIC_0014489.jpg,0.65179235,-0.35320807
D:/image_datasets/skin_cancer_images/test\melanoma\ISIC_0014506.jpg,0.84311897,-1.284779
D:/image_datasets/skin_cancer_images/test\melanoma\ISIC_0014513.jpg,0.019064032,0.014908675
D:/image_datasets/skin_cancer_images/test\melanoma\ISIC_0014541.jpg,0.15031692,-0.7604164
D:/image_datasets/skin_cancer_images/test\melanoma\ISIC_0014542.jpg,-1.1404122,-1.2542967
D:/image_datasets/skin_cancer_images/test\melanoma\ISIC_0014546.jpg,0.071472414,-1.9493201
D:/image_datasets/skin_cancer_images/test\melanoma\ISIC_0014548.jpg,0.9842781,-1.8068538
D:/image_datasets/skin_cancer_images/test\melanoma\ISIC_0014559.jpg,-1.4627173,0.26863137
D:/image_datasets/skin_cancer_images/test\melanoma\ISIC_0014663.jpg,1.3409884,-1.893329
D:/image_datasets/skin_cancer_images/test\melanoma\ISIC_0014666.jpg,-1.12421,0.8644021
D:/image_datasets/skin_cancer_images/test\melanoma\ISIC_0014695.jpg,-1.6929044,0.4804708
D:/image_datasets/skin_cancer_images/test\melanoma\ISIC_0014703.jpg,-1.0850635,-0.40305826
D:/image_datasets/skin_cancer_images/test\melanoma\ISIC_0014727.jpg,-0.68923587,-1.4477085
D:/image_datasets/skin_cancer_images/test\melanoma\ISIC_0014766.jpg,-1.0035442,1.2897621
D:/image_datasets/skin_cancer_images/test\melanoma\ISIC_0014772.jpg,-0.87986463,-1.0233728
D:/image_datasets/skin_cancer_images/test\melanoma\ISIC_0014784.jpg,0.4848212,-1.9716673
D:/image_datasets/skin_cancer_images/test\melanoma\ISIC_0014790.jpg,1.5093247,-2.9291751
D:/image_datasets/skin_cancer_images/test\melanoma\ISIC_0014800.jpg,0.08388034,-0.98001593
D:/image_datasets/skin_cancer_images/test\melanoma\ISIC_0014826.jpg,1.2118719,-3.7996714
D:/image_datasets/skin_cancer_images/test\melanoma\ISIC_0014862.jpg,0.34248176,-1.328656
D:/image_datasets/skin_cancer_images/test\melanoma\ISIC_0014872.jpg,-1.6976991,0.5431125
D:/image_datasets/skin_cancer_images/test\melanoma\ISIC_0014883.jpg,0.8779661,-4.5547876
D:/image_datasets/skin_cancer_images/test\melanoma\ISIC_0014912.jpg,1.386641,-0.51186687
D:/image_datasets/skin_cancer_images/test\melanoma\ISIC_0014928.jpg,-1.0114121,-0.84618163
D:/image_datasets/skin_cancer_images/test\melanoma\ISIC_0014932.jpg,1.8501385,-2.2474852
D:/image_datasets/skin_cancer_images/test\melanoma\ISIC_0014963.jpg,-0.4612733,0.115073055
D:/image_datasets/skin_cancer_images/test\melanoma\ISIC_0014982.jpg,1.7957572,-1.757003
D:/image_datasets/skin_cancer_images/test\melanoma\ISIC_0015004.jpg,-1.7178346,-2.2521431
D:/image_datasets/skin_cancer_images/test\melanoma\ISIC_0015041.jpg,0.38274443,-1.7349565
D:/image_datasets/skin_cancer_images/test\melanoma\ISIC_0015046.jpg,-1.0677044,2.8917158
D:/image_datasets/skin_cancer_images/test\melanoma\ISIC_0015050.jpg,-0.28916565,-3.1433172
D:/image_datasets/skin_cancer_images/test\melanoma\ISIC_0015071.jpg,1.9809166,-2.338408
D:/image_datasets/skin_cancer_images/test\melanoma\ISIC_0015115.jpg,0.35083598,-1.0052881
D:/image_datasets/skin_cancer_images/test\melanoma\ISIC_0015119.jpg,-0.105019666,-0.48956266
D:/image_datasets/skin_cancer_images/test\melanoma\ISIC_0015127.jpg,2.0468976,-3.1256592
D:/image_datasets/skin_cancer_images/test\melanoma\ISIC_0015132.jpg,1.965345,-0.8765356
D:/image_datasets/skin_cancer_images/test\melanoma\ISIC_0015133.jpg,1.6667627,-1.0482719
D:/image_datasets/skin_cancer_images/test\melanoma\ISIC_0015136.jpg,0.6679762,-1.2796937
D:/image_datasets/skin_cancer_images/test\melanoma\ISIC_0015142.jpg,0.020708106,-0.6994557
D:/image_datasets/skin_cancer_images/test\melanoma\ISIC_0015156.jpg,2.4062533,-2.636939
D:/image_datasets/skin_cancer_images/test\melanoma\ISIC_0015163.jpg,-0.99178195,1.7356477
D:/image_datasets/skin_cancer_images/test\melanoma\ISIC_0015167.jpg,1.6569594,-1.2996674
D:/image_datasets/skin_cancer_images/test\melanoma\ISIC_0015180.jpg,-1.7639931,2.5982141
D:/image_datasets/skin_cancer_images/test\melanoma\ISIC_0015185.jpg,0.30200246,0.74946606
D:/image_datasets/skin_cancer_images/test\melanoma\ISIC_0015193.jpg,2.2831085,-3.8316362
D:/image_datasets/skin_cancer_images/test\melanoma\ISIC_0015206.jpg,0.99565756,-1.6524339
D:/image_datasets/skin_cancer_images/test\melanoma\ISIC_0015229.jpg,0.22487786,-0.77003103
D:/image_datasets/skin_cancer_images/test\melanoma\ISIC_0015251.jpg,0.45652846,-0.40439767
D:/image_datasets/skin_cancer_images/test\nevus\ISIC_0012092.jpg,-1.4781169,-3.2609334
D:/image_datasets/skin_cancer_images/test\nevus\ISIC_0012095.jpg,-1.5088882,-1.1813982
D:/image_datasets/skin_cancer_images/test\nevus\ISIC_0012147.jpg,-1.8723177,-1.4509716
D:/image_datasets/skin_cancer_images/test\nevus\ISIC_0012149.jpg,-0.75410146,-2.3920393
D:/image_datasets/skin_cancer_images/test\nevus\ISIC_0012152.jpg,-1.6519711,0.6029372
D:/image_datasets/skin_cancer_images/test\nevus\ISIC_0012216.jpg,-2.0914695,-0.4214964
D:/image_datasets/skin_cancer_images/test\nevus\ISIC_0012357.jpg,0.254289,-2.5175755
D:/image_datasets/skin_cancer_images/test\nevus\ISIC_0012484.jpg,-2.8901575,-0.57803476
D:/image_datasets/skin_cancer_images/test\nevus\ISIC_0012493.jpg,-2.1952748,-1.0644753
D:/image_datasets/skin_cancer_images/test\nevus\ISIC_0012551.jpg,-0.9320477,-0.2683313
D:/image_datasets/skin_cancer_images/test\nevus\ISIC_0012654.jpg,-0.19395456,-0.32282117
D:/image_datasets/skin_cancer_images/test\nevus\ISIC_0012656.jpg,1.2149023,-3.0151565
D:/image_datasets/skin_cancer_images/test\nevus\ISIC_0012708.jpg,-0.08814774,-1.2384522
D:/image_datasets/skin_cancer_images/test\nevus\ISIC_0012722.jpg,-2.1861537,-1.284206
D:/image_datasets/skin_cancer_images/test\nevus\ISIC_0012803.jpg,-0.6144526,-0.60561335
D:/image_datasets/skin_cancer_images/test\nevus\ISIC_0012836.jpg,-0.21114734,-3.7977722
D:/image_datasets/skin_cancer_images/test\nevus\ISIC_0012837.jpg,-3.002325,-0.5028124
D:/image_datasets/skin_cancer_images/test\nevus\ISIC_0012903.jpg,0.25366384,-1.4005114
D:/image_datasets/skin_cancer_images/test\nevus\ISIC_0012904.jpg,-0.25676903,-3.006652
D:/image_datasets/skin_cancer_images/test\nevus\ISIC_0012941.jpg,-0.52082,0.58342355
D:/image_datasets/skin_cancer_images/test\nevus\ISIC_0012967.jpg,-1.3635565,-0.70785123
D:/image_datasets/skin_cancer_images/test\nevus\ISIC_0013045.jpg,1.6709702,-3.3500092
D:/image_datasets/skin_cancer_images/test\nevus\ISIC_0013070.jpg,-0.20580375,-2.2222197
D:/image_datasets/skin_cancer_images/test\nevus\ISIC_0013109.jpg,0.15099862,-2.402356
D:/image_datasets/skin_cancer_images/test\nevus\ISIC_0013159.jpg,-1.8391083,1.1487185
D:/image_datasets/skin_cancer_images/test\nevus\ISIC_0013164.jpg,0.037435465,-1.5026542
D:/image_datasets/skin_cancer_images/test\nevus\ISIC_0013176.jpg,0.45617083,-2.2166288
D:/image_datasets/skin_cancer_images/test\nevus\ISIC_0013191.jpg,-0.91674787,-0.46839568
D:/image_datasets/skin_cancer_images/test\nevus\ISIC_0013216.jpg,-1.3805875,-0.7159568
D:/image_datasets/skin_cancer_images/test\nevus\ISIC_0013226.jpg,-2.1303115,-0.58378553
D:/image_datasets/skin_cancer_images/test\nevus\ISIC_0013230.jpg,-1.5593704,-2.4217305
D:/image_datasets/skin_cancer_images/test\nevus\ISIC_0013269.jpg,1.6892158,-3.3250124
D:/image_datasets/skin_cancer_images/test\nevus\ISIC_0013291.jpg,0.4622308,-2.9165297
D:/image_datasets/skin_cancer_images/test\nevus\ISIC_0013325.jpg,-1.9151832,-2.0871272
D:/image_datasets/skin_cancer_images/test\nevus\ISIC_0013399.jpg,-3.3844821,0.27596438
D:/image_datasets/skin_cancer_images/test\nevus\ISIC_0013416.jpg,-0.118867196,-1.2206489
D:/image_datasets/skin_cancer_images/test\nevus\ISIC_0013511.jpg,-1.0075133,-0.027631965
D:/image_datasets/skin_cancer_images/test\nevus\ISIC_0013512.jpg,-0.16564706,0.59356534
D:/image_datasets/skin_cancer_images/test\nevus\ISIC_0013529.jpg,1.6091151,-4.1952887
D:/image_datasets/skin_cancer_images/test\nevus\ISIC_0013600.jpg,0.27620062,-1.1502489
D:/image_datasets/skin_cancer_images/test\nevus\ISIC_0013602.jpg,-0.28225437,-0.64986384
D:/image_datasets/skin_cancer_images/test\nevus\ISIC_0013738.jpg,0.36072752,-2.3098872
D:/image_datasets/skin_cancer_images/test\nevus\ISIC_0013794.jpg,-0.37401727,-3.0901663
D:/image_datasets/skin_cancer_images/test\nevus\ISIC_0013809.jpg,-1.5683656,-0.5755079
D:/image_datasets/skin_cancer_images/test\nevus\ISIC_0013891.jpg,-2.5281289,-1.9207203
D:/image_datasets/skin_cancer_images/test\nevus\ISIC_0013897.jpg,-1.6403075,-1.5475966
D:/image_datasets/skin_cancer_images/test\nevus\ISIC_0013911.jpg,-0.8606639,-1.1711756
D:/image_datasets/skin_cancer_images/test\nevus\ISIC_0013966.jpg,-2.9262896,0.3845517
D:/image_datasets/skin_cancer_images/test\nevus\ISIC_0013998.jpg,0.086303435,-1.6325959
D:/image_datasets/skin_cancer_images/test\nevus\ISIC_0014090.jpg,0.5166263,-3.258296
D:/image_datasets/skin_cancer_images/test\nevus\ISIC_0014117.jpg,-0.41990083,-3.745045
D:/image_datasets/skin_cancer_images/test\nevus\ISIC_0014470.jpg,-1.620201,-0.4193357
D:/image_datasets/skin_cancer_images/test\nevus\ISIC_0014675.jpg,-0.85281503,-1.1183562
D:/image_datasets/skin_cancer_images/test\nevus\ISIC_0014677.jpg,-1.3433273,-1.8748838
D:/image_datasets/skin_cancer_images/test\nevus\ISIC_0014687.jpg,-0.05878987,-1.0997795
D:/image_datasets/skin_cancer_images/test\nevus\ISIC_0014693.jpg,0.7814301,-1.7075928
D:/image_datasets/skin_cancer_images/test\nevus\ISIC_0014697.jpg,-0.29293257,-0.51275194
D:/image_datasets/skin_cancer_images/test\nevus\ISIC_0014698.jpg,-1.314833,-0.81664425
D:/image_datasets/skin_cancer_images/test\nevus\ISIC_0014720.jpg,2.1776419,-1.131257
D:/image_datasets/skin_cancer_images/test\nevus\ISIC_0014725.jpg,-0.29734206,-0.47183442
D:/image_datasets/skin_cancer_images/test\nevus\ISIC_0014728.jpg,-0.27736828,0.18817396
D:/image_datasets/skin_cancer_images/test\nevus\ISIC_0014729.jpg,-1.6947262,-0.6551994
D:/image_datasets/skin_cancer_images/test\nevus\ISIC_0014740.jpg,1.302412,-1.3612295
D:/image_datasets/skin_cancer_images/test\nevus\ISIC_0014743.jpg,-0.3327212,-1.27708
D:/image_datasets/skin_cancer_images/test\nevus\ISIC_0014746.jpg,1.0235885,-1.5431427
D:/image_datasets/skin_cancer_images/test\nevus\ISIC_0014749.jpg,0.3520933,-1.7698305
D:/image_datasets/skin_cancer_images/test\nevus\ISIC_0014753.jpg,0.93939394,-1.1807866
D:/image_datasets/skin_cancer_images/test\nevus\ISIC_0014755.jpg,0.77769667,-0.84528667
D:/image_datasets/skin_cancer_images/test\nevus\ISIC_0014765.jpg,-0.6829728,-1.028366
D:/image_datasets/skin_cancer_images/test\nevus\ISIC_0014768.jpg,-1.1381211,-2.5811386
D:/image_datasets/skin_cancer_images/test\nevus\ISIC_0014773.jpg,-1.1385792,0.12137914
D:/image_datasets/skin_cancer_images/test\nevus\ISIC_0014780.jpg,0.4058339,-2.0237877
D:/image_datasets/skin_cancer_images/test\nevus\ISIC_0014786.jpg,0.7603016,-1.8413599
D:/image_datasets/skin_cancer_images/test\nevus\ISIC_0014787.jpg,0.87355787,-2.0908413
D:/image_datasets/skin_cancer_images/test\nevus\ISIC_0014792.jpg,-1.697396,-0.13834919
D:/image_datasets/skin_cancer_images/test\nevus\ISIC_0014796.jpg,1.455726,-0.5124365
D:/image_datasets/skin_cancer_images/test\nevus\ISIC_0014798.jpg,0.6502336,1.047447
D:/image_datasets/skin_cancer_images/test\nevus\ISIC_0014807.jpg,1.0069467,-0.80722153
D:/image_datasets/skin_cancer_images/test\nevus\ISIC_0014814.jpg,-0.5500841,-0.32427406
D:/image_datasets/skin_cancer_images/test\nevus\ISIC_0014815.jpg,0.58550185,-2.2158926
D:/image_datasets/skin_cancer_images/test\nevus\ISIC_0014820.jpg,-0.10246273,-2.8974783
D:/image_datasets/skin_cancer_images/test\nevus\ISIC_0014822.jpg,-0.24289438,-0.175276
D:/image_datasets/skin_cancer_images/test\nevus\ISIC_0014833.jpg,-1.4969296,-1.8281679
D:/image_datasets/skin_cancer_images/test\nevus\ISIC_0014835.jpg,0.86829203,-1.4160733
D:/image_datasets/skin_cancer_images/test\nevus\ISIC_0014844.jpg,0.29408115,-2.2140393
D:/image_datasets/skin_cancer_images/test\nevus\ISIC_0014853.jpg,-0.36282364,-0.9950337
D:/image_datasets/skin_cancer_images/test\nevus\ISIC_0014854.jpg,1.0715473,-1.356749
D:/image_datasets/skin_cancer_images/test\nevus\ISIC_0014863.jpg,-1.0334934,-0.69373995
D:/image_datasets/skin_cancer_images/test\nevus\ISIC_0014867.jpg,-0.8683384,-1.3944533
D:/image_datasets/skin_cancer_images/test\nevus\ISIC_0014868.jpg,0.75179857,1.2260512
D:/image_datasets/skin_cancer_images/test\nevus\ISIC_0014876.jpg,0.04182803,-2.050122
D:/image_datasets/skin_cancer_images/test\nevus\ISIC_0014879.jpg,-1.9090823,1.0257787
D:/image_datasets/skin_cancer_images/test\nevus\ISIC_0014901.jpg,-1.6875027,-0.98616815
D:/image_datasets/skin_cancer_images/test\nevus\ISIC_0014907.jpg,1.105418,-2.2963533
D:/image_datasets/skin_cancer_images/test\nevus\ISIC_0014910.jpg,-0.50186574,-0.13915154
D:/image_datasets/skin_cancer_images/test\nevus\ISIC_0014921.jpg,1.3644631,-2.7512956
D:/image_datasets/skin_cancer_images/test\nevus\ISIC_0014927.jpg,-0.44320777,-1.0663022
D:/image_datasets/skin_cancer_images/test\nevus\ISIC_0014936.jpg,1.085215,-2.7681
D:/image_datasets/skin_cancer_images/test\nevus\ISIC_0014938.jpg,1.8170618,-3.2847447
D:/image_datasets/skin_cancer_images/test\nevus\ISIC_0014940.jpg,0.3061015,-2.465844
D:/image_datasets/skin_cancer_images/test\nevus\ISIC_0014941.jpg,2.437007,-2.4376147
D:/image_datasets/skin_cancer_images/test\nevus\ISIC_0014942.jpg,-0.26726976,-0.7924204
D:/image_datasets/skin_cancer_images/test\nevus\ISIC_0014943.jpg,0.54204243,-2.8367693
D:/image_datasets/skin_cancer_images/test\nevus\ISIC_0014944.jpg,0.99344206,-2.547952
D:/image_datasets/skin_cancer_images/test\nevus\ISIC_0014947.jpg,0.83690685,-0.33647045
D:/image_datasets/skin_cancer_images/test\nevus\ISIC_0014948.jpg,0.09104787,-1.9635105
D:/image_datasets/skin_cancer_images/test\nevus\ISIC_0014949.jpg,2.4465404,-3.5573843
D:/image_datasets/skin_cancer_images/test\nevus\ISIC_0014952.jpg,0.35207918,-2.001525
D:/image_datasets/skin_cancer_images/test\nevus\ISIC_0014955.jpg,0.9503102,0.05982179
D:/image_datasets/skin_cancer_images/test\nevus\ISIC_0014956.jpg,0.2901549,-1.6542546
D:/image_datasets/skin_cancer_images/test\nevus\ISIC_0014957.jpg,0.43608156,-2.6688316
D:/image_datasets/skin_cancer_images/test\nevus\ISIC_0014958.jpg,-1.7200607,-2.2684247
D:/image_datasets/skin_cancer_images/test\nevus\ISIC_0014959.jpg,0.3957207,-1.9805553
D:/image_datasets/skin_cancer_images/test\nevus\ISIC_0014961.jpg,-0.34623933,-0.27932936
D:/image_datasets/skin_cancer_images/test\nevus\ISIC_0014962.jpg,-1.570716,-2.3561196
D:/image_datasets/skin_cancer_images/test\nevus\ISIC_0014964.jpg,-0.35229328,-1.2574493
D:/image_datasets/skin_cancer_images/test\nevus\ISIC_0014966.jpg,1.1856959,-3.3329096
D:/image_datasets/skin_cancer_images/test\nevus\ISIC_0014968.jpg,1.3767693,-0.95029455
D:/image_datasets/skin_cancer_images/test\nevus\ISIC_0014969.jpg,-0.66450065,-1.426525
D:/image_datasets/skin_cancer_images/test\nevus\ISIC_0014973.jpg,0.9813298,-2.3552196
D:/image_datasets/skin_cancer_images/test\nevus\ISIC_0014974.jpg,-0.9332811,1.3234949
D:/image_datasets/skin_cancer_images/test\nevus\ISIC_0014977.jpg,-0.65009665,-1.7476673
D:/image_datasets/skin_cancer_images/test\nevus\ISIC_0014992.jpg,0.54434067,-2.8638074
D:/image_datasets/skin_cancer_images/test\nevus\ISIC_0014994.jpg,-1.2491618,-1.066005
D:/image_datasets/skin_cancer_images/test\nevus\ISIC_0014998.jpg,0.8915601,0.09140852
D:/image_datasets/skin_cancer_images/test\nevus\ISIC_0015002.jpg,-1.7382556,0.18609017
D:/image_datasets/skin_cancer_images/test\nevus\ISIC_0015003.jpg,0.47107562,-2.6934438
D:/image_datasets/skin_cancer_images/test\nevus\ISIC_0015007.jpg,-1.1852549,-1.3199154
D:/image_datasets/skin_cancer_images/test\nevus\ISIC_0015008.jpg,-1.4158374,-3.1101763
D:/image_datasets/skin_cancer_images/test\nevus\ISIC_0015009.jpg,-0.12605393,0.88538635
D:/image_datasets/skin_cancer_images/test\nevus\ISIC_0015011.jpg,-0.4185291,-1.6027516
D:/image_datasets/skin_cancer_images/test\nevus\ISIC_0015013.jpg,0.48153818,-0.7456893
D:/image_datasets/skin_cancer_images/test\nevus\ISIC_0015015.jpg,1.2316587,-3.0026522
D:/image_datasets/skin_cancer_images/test\nevus\ISIC_0015016.jpg,-0.078881,-0.64062095
D:/image_datasets/skin_cancer_images/test\nevus\ISIC_0015018.jpg,-1.0159514,-2.3142812
D:/image_datasets/skin_cancer_images/test\nevus\ISIC_0015019.jpg,0.69494504,0.705857
D:/image_datasets/skin_cancer_images/test\nevus\ISIC_0015020.jpg,-0.702654,-2.1977882
D:/image_datasets/skin_cancer_images/test\nevus\ISIC_0015021.jpg,-2.0108187,-1.7215514
D:/image_datasets/skin_cancer_images/test\nevus\ISIC_0015023.jpg,-0.82608825,-2.8302708
D:/image_datasets/skin_cancer_images/test\nevus\ISIC_0015026.jpg,-1.7945187,-0.199904
D:/image_datasets/skin_cancer_images/test\nevus\ISIC_0015030.jpg,0.73073405,-1.9497972
D:/image_datasets/skin_cancer_images/test\nevus\ISIC_0015031.jpg,-2.1183486,-0.37556478
D:/image_datasets/skin_cancer_images/test\nevus\ISIC_0015034.jpg,-0.726364,-0.2772858
D:/image_datasets/skin_cancer_images/test\nevus\ISIC_0015035.jpg,-0.071755566,0.7739536
D:/image_datasets/skin_cancer_images/test\nevus\ISIC_0015037.jpg,1.000453,-3.0235956
D:/image_datasets/skin_cancer_images/test\nevus\ISIC_0015040.jpg,-1.6339376,-0.2866557
D:/image_datasets/skin_cancer_images/test\nevus\ISIC_0015051.jpg,0.26486516,-0.5671214
D:/image_datasets/skin_cancer_images/test\nevus\ISIC_0015056.jpg,0.35135555,-1.1838806
D:/image_datasets/skin_cancer_images/test\nevus\ISIC_0015057.jpg,-1.435804,-1.5196997
D:/image_datasets/skin_cancer_images/test\nevus\ISIC_0015060.jpg,-0.26031595,-0.07377145
D:/image_datasets/skin_cancer_images/test\nevus\ISIC_0015064.jpg,-0.12659776,-1.674485
D:/image_datasets/skin_cancer_images/test\nevus\ISIC_0015078.jpg,-2.013091,1.3857454
D:/image_datasets/skin_cancer_images/test\nevus\ISIC_0015089.jpg,-0.85513246,0.009176109
D:/image_datasets/skin_cancer_images/test\nevus\ISIC_0015102.jpg,-0.14850205,-0.86494267
D:/image_datasets/skin_cancer_images/test\nevus\ISIC_0015118.jpg,-0.3704367,-2.8137932
D:/image_datasets/skin_cancer_images/test\nevus\ISIC_0015125.jpg,0.82269406,-3.1183696
D:/image_datasets/skin_cancer_images/test\nevus\ISIC_0015129.jpg,1.2118307,0.00019883364
D:/image_datasets/skin_cancer_images/test\nevus\ISIC_0015130.jpg,1.4287649,-2.131477
D:/image_datasets/skin_cancer_images/test\nevus\ISIC_0015139.jpg,-0.8333608,-0.5747386
D:/image_datasets/skin_cancer_images/test\nevus\ISIC_0015140.jpg,0.36003348,-0.912801
D:/image_datasets/skin_cancer_images/test\nevus\ISIC_0015146.jpg,0.4020318,-1.7206153
D:/image_datasets/skin_cancer_images/test\nevus\ISIC_0015149.jpg,1.84769,-0.465696
D:/image_datasets/skin_cancer_images/test\nevus\ISIC_0015150.jpg,0.8468742,-0.5229151
D:/image_datasets/skin_cancer_images/test\nevus\ISIC_0015152.jpg,-2.6210022,0.0035150386
D:/image_datasets/skin_cancer_images/test\nevus\ISIC_0015155.jpg,-1.8607668,0.8107967
D:/image_datasets/skin_cancer_images/test\nevus\ISIC_0015157.jpg,0.22400305,-1.7650498
D:/image_datasets/skin_cancer_images/test\nevus\ISIC_0015160.jpg,-0.18740237,-0.466216
D:/image_datasets/skin_cancer_images/test\nevus\ISIC_0015161.jpg,-2.4426622,0.18867955
D:/image_datasets/skin_cancer_images/test\nevus\ISIC_0015171.jpg,-0.7875394,-0.80578846
D:/image_datasets/skin_cancer_images/test\nevus\ISIC_0015173.jpg,-2.1477284,-1.2972625
D:/image_datasets/skin_cancer_images/test\nevus\ISIC_0015174.jpg,1.0443958,-1.8837397
D:/image_datasets/skin_cancer_images/test\nevus\ISIC_0015175.jpg,0.3658776,-1.5982937
D:/image_datasets/skin_cancer_images/test\nevus\ISIC_0015176.jpg,-0.969452,-1.0744463
D:/image_datasets/skin_cancer_images/test\nevus\ISIC_0015179.jpg,-0.51472795,-0.14352964
D:/image_datasets/skin_cancer_images/test\nevus\ISIC_0015184.jpg,-0.36662492,0.8815761
D:/image_datasets/skin_cancer_images/test\nevus\ISIC_0015201.jpg,0.71238464,-2.4949186
D:/image_datasets/skin_cancer_images/test\nevus\ISIC_0015202.jpg,0.029707514,-2.3295267
D:/image_datasets/skin_cancer_images/test\nevus\ISIC_0015203.jpg,-1.2981104,-2.1406386
D:/image_datasets/skin_cancer_images/test\nevus\ISIC_0015207.jpg,0.075181775,-2.9505436
D:/image_datasets/skin_cancer_images/test\nevus\ISIC_0015208.jpg,3.436681,-3.1809528
D:/image_datasets/skin_cancer_images/test\nevus\ISIC_0015212.jpg,-1.1505314,-0.4815226
D:/image_datasets/skin_cancer_images/test\nevus\ISIC_0015215.jpg,0.1780375,-0.06946257
D:/image_datasets/skin_cancer_images/test\nevus\ISIC_0015216.jpg,-1.6828884,-2.6916127
D:/image_datasets/skin_cancer_images/test\nevus\ISIC_0015217.jpg,-0.19832703,-0.14978267
D:/image_datasets/skin_cancer_images/test\nevus\ISIC_0015218.jpg,-2.3475897,-0.4076652
D:/image_datasets/skin_cancer_images/test\nevus\ISIC_0015223.jpg,0.4087418,-2.6468267
D:/image_datasets/skin_cancer_images/test\nevus\ISIC_0015224.jpg,-1.178059,-1.5825118
D:/image_datasets/skin_cancer_images/test\nevus\ISIC_0015226.jpg,0.01170101,-2.373475
D:/image_datasets/skin_cancer_images/test\nevus\ISIC_0015232.jpg,-0.23823002,-0.64392376
D:/image_datasets/skin_cancer_images/test\nevus\ISIC_0015237.jpg,0.87310004,-0.2401287
D:/image_datasets/skin_cancer_images/test\nevus\ISIC_0015241.jpg,-0.74425673,-1.9220206
D:/image_datasets/skin_cancer_images/test\nevus\ISIC_0015244.jpg,-0.4125224,0.5042857
D:/image_datasets/skin_cancer_images/test\nevus\ISIC_0015245.jpg,-1.103902,-1.8458891
D:/image_datasets/skin_cancer_images/test\nevus\ISIC_0015250.jpg,-0.22376502,0.74640274
D:/image_datasets/skin_cancer_images/test\nevus\ISIC_0015254.jpg,-0.81617475,-0.123837665
D:/image_datasets/skin_cancer_images/test\nevus\ISIC_0015255.jpg,0.31932983,-0.6416603
D:/image_datasets/skin_cancer_images/test\nevus\ISIC_0015258.jpg,-0.29133752,-0.4999986
D:/image_datasets/skin_cancer_images/test\nevus\ISIC_0015264.jpg,-1.5701488,0.30486885
D:/image_datasets/skin_cancer_images/test\nevus\ISIC_0015270.jpg,2.2902699,-1.1949307
D:/image_datasets/skin_cancer_images/test\nevus\ISIC_0015273.jpg,-0.94893885,-1.3859825
D:/image_datasets/skin_cancer_images/test\nevus\ISIC_0015274.jpg,-0.11619037,-1.8148228
D:/image_datasets/skin_cancer_images/test\nevus\ISIC_0015276.jpg,0.31227425,-1.5176996
D:/image_datasets/skin_cancer_images/test\nevus\ISIC_0015279.jpg,-2.0905519,-1.2429432
D:/image_datasets/skin_cancer_images/test\nevus\ISIC_0015283.jpg,0.6410845,-1.814452
D:/image_datasets/skin_cancer_images/test\nevus\ISIC_0015291.jpg,0.4821941,-2.0850565
D:/image_datasets/skin_cancer_images/test\nevus\ISIC_0015293.jpg,-1.1940919,1.6624233
D:/image_datasets/skin_cancer_images/test\nevus\ISIC_0015298.jpg,-0.083178826,-1.3346373
D:/image_datasets/skin_cancer_images/test\nevus\ISIC_0015309.jpg,-0.34987643,0.2777142
D:/image_datasets/skin_cancer_images/test\nevus\ISIC_0015310.jpg,-0.29326266,-1.4847678
D:/image_datasets/skin_cancer_images/test\nevus\ISIC_0015311.jpg,0.9897615,-2.2175965
D:/image_datasets/skin_cancer_images/test\nevus\ISIC_0015312.jpg,0.58716583,-4.376341
D:/image_datasets/skin_cancer_images/test\nevus\ISIC_0015330.jpg,-0.72585684,-1.9638613
D:/image_datasets/skin_cancer_images/test\nevus\ISIC_0015331.jpg,-1.1360317,0.16796204
D:/image_datasets/skin_cancer_images/test\nevus\ISIC_0015347.jpg,-0.074979395,-2.33965
D:/image_datasets/skin_cancer_images/test\nevus\ISIC_0015353.jpg,-0.66661745,-0.015010323
D:/image_datasets/skin_cancer_images/test\nevus\ISIC_0015355.jpg,-0.071776845,-0.87289435
D:/image_datasets/skin_cancer_images/test\nevus\ISIC_0015357.jpg,-0.59129804,-0.12640876
D:/image_datasets/skin_cancer_images/test\nevus\ISIC_0015360.jpg,0.8169116,-1.9730965
D:/image_datasets/skin_cancer_images/test\nevus\ISIC_0015363.jpg,-0.41267964,-1.2461194
D:/image_datasets/skin_cancer_images/test\nevus\ISIC_0015364.jpg,-0.78642416,-0.5217819
D:/image_datasets/skin_cancer_images/test\nevus\ISIC_0015368.jpg,0.6048436,-2.756644
D:/image_datasets/skin_cancer_images/test\nevus\ISIC_0015369.jpg,-2.333396,-0.93766946
D:/image_datasets/skin_cancer_images/test\nevus\ISIC_0015383.jpg,0.43491086,-0.31892693
D:/image_datasets/skin_cancer_images/test\nevus\ISIC_0015386.jpg,0.45730847,1.018114
D:/image_datasets/skin_cancer_images/test\nevus\ISIC_0015390.jpg,-0.32726172,-1.6258985
D:/image_datasets/skin_cancer_images/test\nevus\ISIC_0015395.jpg,-0.83483356,-0.25033018
D:/image_datasets/skin_cancer_images/test\nevus\ISIC_0015403.jpg,-0.44887847,-1.8698847
D:/image_datasets/skin_cancer_images/test\nevus\ISIC_0015404.jpg,-0.55225396,-1.1430721
D:/image_datasets/skin_cancer_images/test\nevus\ISIC_0015411.jpg,-0.7632075,-1.3667496
D:/image_datasets/skin_cancer_images/test\nevus\ISIC_0015412.jpg,-0.49945548,-0.2618684
D:/image_datasets/skin_cancer_images/test\nevus\ISIC_0015416.jpg,-1.0409496,-0.6752045
D:/image_datasets/skin_cancer_images/test\nevus\ISIC_0015417.jpg,0.669873,-1.4162973
D:/image_datasets/skin_cancer_images/test\nevus\ISIC_0015418.jpg,0.6422688,0.096769616
D:/image_datasets/skin_cancer_images/test\nevus\ISIC_0015419.jpg,-1.622126,-0.39105213
D:/image_datasets/skin_cancer_images/test\nevus\ISIC_0015436.jpg,0.4499755,-2.105005
D:/image_datasets/skin_cancer_images/test\nevus\ISIC_0015440.jpg,-1.8556623,-2.1431742
D:/image_datasets/skin_cancer_images/test\nevus\ISIC_0015447.jpg,0.27184778,-1.7851319
D:/image_datasets/skin_cancer_images/test\nevus\ISIC_0015455.jpg,0.19411111,-1.0469604
D:/image_datasets/skin_cancer_images/test\nevus\ISIC_0015464.jpg,1.8801395,-1.4053866
D:/image_datasets/skin_cancer_images/test\nevus\ISIC_0015466.jpg,-0.724779,-4.045126
D:/image_datasets/skin_cancer_images/test\nevus\ISIC_0015468.jpg,-0.024584085,-2.0259871
D:/image_datasets/skin_cancer_images/test\nevus\ISIC_0015476.jpg,-0.66719687,-0.84774137
D:/image_datasets/skin_cancer_images/test\nevus\ISIC_0015481.jpg,1.1156751,-1.65704
D:/image_datasets/skin_cancer_images/test\nevus\ISIC_0015482.jpg,1.5161765,-2.97382
D:/image_datasets/skin_cancer_images/test\nevus\ISIC_0015485.jpg,0.5006939,-1.0405915
D:/image_datasets/skin_cancer_images/test\nevus\ISIC_0015510.jpg,1.5763432,-2.710469
D:/image_datasets/skin_cancer_images/test\nevus\ISIC_0015526.jpg,0.055271737,-1.438373
D:/image_datasets/skin_cancer_images/test\nevus\ISIC_0015537.jpg,-0.2051585,-2.0967972
D:/image_datasets/skin_cancer_images/test\nevus\ISIC_0015544.jpg,2.2657027,-4.3947434
D:/image_datasets/skin_cancer_images/test\nevus\ISIC_0015559.jpg,0.4414685,-3.7412102
D:/image_datasets/skin_cancer_images/test\nevus\ISIC_0015563.jpg,-1.5092918,-1.2050512
D:/image_datasets/skin_cancer_images/test\nevus\ISIC_0015566.jpg,-1.0280415,-0.4326151
D:/image_datasets/skin_cancer_images/test\nevus\ISIC_0015568.jpg,1.132235,-4.1769476
D:/image_datasets/skin_cancer_images/test\nevus\ISIC_0015582.jpg,-0.22826627,-0.82028913
D:/image_datasets/skin_cancer_images/test\nevus\ISIC_0015593.jpg,-2.285508,-0.31081733
D:/image_datasets/skin_cancer_images/test\nevus\ISIC_0015603.jpg,0.055306517,-2.3740032
D:/image_datasets/skin_cancer_images/test\nevus\ISIC_0015607.jpg,-0.67525387,-0.24496704
D:/image_datasets/skin_cancer_images/test\nevus\ISIC_0015614.jpg,-0.61903787,1.9583853
D:/image_datasets/skin_cancer_images/test\nevus\ISIC_0015617.jpg,-0.26044065,-1.2742401
D:/image_datasets/skin_cancer_images/test\nevus\ISIC_0015625.jpg,0.049843766,-0.79756075
D:/image_datasets/skin_cancer_images/test\nevus\ISIC_0015631.jpg,0.77099866,-0.050472494
D:/image_datasets/skin_cancer_images/test\nevus\ISIC_0015636.jpg,-0.6332798,-0.97098184
D:/image_datasets/skin_cancer_images/test\nevus\ISIC_0015638.jpg,0.25150287,-1.8090267
D:/image_datasets/skin_cancer_images/test\nevus\ISIC_0015641.jpg,-3.455525,1.1455363
D:/image_datasets/skin_cancer_images/test\nevus\ISIC_0015645.jpg,2.1874588,-2.461733
D:/image_datasets/skin_cancer_images/test\nevus\ISIC_0015936.jpg,-1.581358,-1.7308234
D:/image_datasets/skin_cancer_images/test\nevus\ISIC_0015937.jpg,-2.1003747,-0.52856123
D:/image_datasets/skin_cancer_images/test\nevus\ISIC_0015938.jpg,-0.4984586,-2.7009068
D:/image_datasets/skin_cancer_images/test\nevus\ISIC_0015939.jpg,0.33880684,-1.9469457
D:/image_datasets/skin_cancer_images/test\nevus\ISIC_0015940.jpg,-2.0164979,-0.8974622
D:/image_datasets/skin_cancer_images/test\nevus\ISIC_0015941.jpg,-0.31941617,-2.4678116
D:/image_datasets/skin_cancer_images/test\nevus\ISIC_0015942.jpg,-1.430614,-0.7299962
D:/image_datasets/skin_cancer_images/test\nevus\ISIC_0015943.jpg,-2.3856993,0.72888994
D:/image_datasets/skin_cancer_images/test\nevus\ISIC_0015944.jpg,0.26119062,0.25690764
D:/image_datasets/skin_cancer_images/test\nevus\ISIC_0015945.jpg,0.30495122,-2.4992487
D:/image_datasets/skin_cancer_images/test\nevus\ISIC_0015946.jpg,-1.2165977,-2.2908566
D:/image_datasets/skin_cancer_images/test\nevus\ISIC_0015947.jpg,0.48616967,-2.195421
D:/image_datasets/skin_cancer_images/test\nevus\ISIC_0015948.jpg,-0.23164159,-2.1233327
D:/image_datasets/skin_cancer_images/test\nevus\ISIC_0015949.jpg,-1.1087015,-2.0224226
D:/image_datasets/skin_cancer_images/test\nevus\ISIC_0015950.jpg,-1.0878742,-2.845936
D:/image_datasets/skin_cancer_images/test\nevus\ISIC_0015951.jpg,-1.8728946,-0.12496501
D:/image_datasets/skin_cancer_images/test\nevus\ISIC_0015952.jpg,-1.9441634,0.9345295
D:/image_datasets/skin_cancer_images/test\nevus\ISIC_0015953.jpg,-2.4303818,-1.1509259
D:/image_datasets/skin_cancer_images/test\nevus\ISIC_0015954.jpg,0.17204028,-1.95091
D:/image_datasets/skin_cancer_images/test\nevus\ISIC_0015955.jpg,-1.0804902,-0.71323466
D:/image_datasets/skin_cancer_images/test\nevus\ISIC_0015956.jpg,-0.57159036,-2.015299
D:/image_datasets/skin_cancer_images/test\nevus\ISIC_0015957.jpg,-2.3660676,1.2827932
D:/image_datasets/skin_cancer_images/test\nevus\ISIC_0015958.jpg,-0.94264805,0.005794544
D:/image_datasets/skin_cancer_images/test\nevus\ISIC_0015959.jpg,-0.6788935,-0.83397996
D:/image_datasets/skin_cancer_images/test\nevus\ISIC_0015960.jpg,0.7275853,-3.3741987
D:/image_datasets/skin_cancer_images/test\nevus\ISIC_0015961.jpg,0.9830666,-3.588365
D:/image_datasets/skin_cancer_images/test\nevus\ISIC_0015962.jpg,-0.6249142,-2.4382045
D:/image_datasets/skin_cancer_images/test\nevus\ISIC_0015963.jpg,-0.54383636,-1.7207695
D:/image_datasets/skin_cancer_images/test\nevus\ISIC_0015964.jpg,-1.1462731,0.5597708
D:/image_datasets/skin_cancer_images/test\nevus\ISIC_0015965.jpg,0.89563596,-2.7032332
D:/image_datasets/skin_cancer_images/test\nevus\ISIC_0015966.jpg,-1.8357209,-0.58729744
D:/image_datasets/skin_cancer_images/test\nevus\ISIC_0015967.jpg,-2.5877829,0.11625397
D:/image_datasets/skin_cancer_images/test\nevus\ISIC_0015968.jpg,0.42448393,-1.3160356
D:/image_datasets/skin_cancer_images/test\nevus\ISIC_0015969.jpg,-0.64252406,-0.562168
D:/image_datasets/skin_cancer_images/test\nevus\ISIC_0015971.jpg,-0.089394726,-3.0515416
D:/image_datasets/skin_cancer_images/test\nevus\ISIC_0015972.jpg,-0.84287477,-0.9365435
D:/image_datasets/skin_cancer_images/test\nevus\ISIC_0015973.jpg,-2.1326756,-0.0066758804
D:/image_datasets/skin_cancer_images/test\nevus\ISIC_0015974.jpg,-0.8158295,-0.44039372
D:/image_datasets/skin_cancer_images/test\nevus\ISIC_0015975.jpg,-0.5396142,-3.6693149
D:/image_datasets/skin_cancer_images/test\nevus\ISIC_0015976.jpg,0.1457336,-3.0736969
D:/image_datasets/skin_cancer_images/test\nevus\ISIC_0015978.jpg,-1.816996,0.64636326
D:/image_datasets/skin_cancer_images/test\nevus\ISIC_0015979.jpg,-1.5422322,0.0687577
D:/image_datasets/skin_cancer_images/test\nevus\ISIC_0015980.jpg,0.11511565,-2.4733105
D:/image_datasets/skin_cancer_images/test\nevus\ISIC_0015981.jpg,-0.071205,-1.8019066
D:/image_datasets/skin_cancer_images/test\nevus\ISIC_0015982.jpg,0.6662608,-2.1485813
D:/image_datasets/skin_cancer_images/test\nevus\ISIC_0015983.jpg,-1.2580816,0.8911298
D:/image_datasets/skin_cancer_images/test\nevus\ISIC_0015984.jpg,-0.89559424,0.39224264
D:/image_datasets/skin_cancer_images/test\nevus\ISIC_0015985.jpg,-1.2107638,-1.5017895
D:/image_datasets/skin_cancer_images/test\nevus\ISIC_0015986.jpg,-0.38104874,-1.5155706
D:/image_datasets/skin_cancer_images/test\nevus\ISIC_0015987.jpg,-0.51413715,-1.1016661
D:/image_datasets/skin_cancer_images/test\nevus\ISIC_0015988.jpg,-0.10605971,-3.3209124
D:/image_datasets/skin_cancer_images/test\nevus\ISIC_0015989.jpg,-0.95504403,-1.3816206
D:/image_datasets/skin_cancer_images/test\nevus\ISIC_0015990.jpg,0.29789236,-3.948305
D:/image_datasets/skin_cancer_images/test\nevus\ISIC_0015991.jpg,-0.51070154,-0.99827754
D:/image_datasets/skin_cancer_images/test\nevus\ISIC_0015992.jpg,1.584205,-3.0204225
D:/image_datasets/skin_cancer_images/test\nevus\ISIC_0015993.jpg,0.19830358,-0.40350363
D:/image_datasets/skin_cancer_images/test\nevus\ISIC_0015994.jpg,-0.6359309,-1.0023938
D:/image_datasets/skin_cancer_images/test\nevus\ISIC_0015995.jpg,1.4287406,-2.6530023
D:/image_datasets/skin_cancer_images/test\nevus\ISIC_0015996.jpg,-0.6135824,-1.5426037
D:/image_datasets/skin_cancer_images/test\nevus\ISIC_0015997.jpg,0.26803038,-4.625054
D:/image_datasets/skin_cancer_images/test\nevus\ISIC_0015998.jpg,-0.4958602,-0.26176238
D:/image_datasets/skin_cancer_images/test\nevus\ISIC_0015999.jpg,0.06595543,-3.9404535
D:/image_datasets/skin_cancer_images/test\nevus\ISIC_0016000.jpg,-1.1742665,-2.6534383
D:/image_datasets/skin_cancer_images/test\nevus\ISIC_0016001.jpg,-0.23227024,-0.3253486
D:/image_datasets/skin_cancer_images/test\nevus\ISIC_0016002.jpg,-0.90193427,-1.3631836
D:/image_datasets/skin_cancer_images/test\nevus\ISIC_0016003.jpg,1.6567748,-5.5627832
D:/image_datasets/skin_cancer_images/test\nevus\ISIC_0016004.jpg,-0.11823139,-3.8085861
D:/image_datasets/skin_cancer_images/test\nevus\ISIC_0016005.jpg,-1.3027005,-2.339211
D:/image_datasets/skin_cancer_images/test\nevus\ISIC_0016006.jpg,-1.0145519,-0.6593585
D:/image_datasets/skin_cancer_images/test\nevus\ISIC_0016007.jpg,-0.8074056,-0.5208788
D:/image_datasets/skin_cancer_images/test\nevus\ISIC_0016008.jpg,-0.7793384,0.12144582
D:/image_datasets/skin_cancer_images/test\nevus\ISIC_0016009.jpg,-0.21157274,-0.26022705
D:/image_datasets/skin_cancer_images/test\nevus\ISIC_0016011.jpg,-2.9399278,1.4512753
D:/image_datasets/skin_cancer_images/test\nevus\ISIC_0016012.jpg,-0.07283119,-1.4937271
D:/image_datasets/skin_cancer_images/test\nevus\ISIC_0016013.jpg,-1.0197967,-0.75727165
D:/image_datasets/skin_cancer_images/test\nevus\ISIC_0016014.jpg,-1.7953855,-0.75029975
D:/image_datasets/skin_cancer_images/test\nevus\ISIC_0016015.jpg,0.13255462,-1.5695286
D:/image_datasets/skin_cancer_images/test\nevus\ISIC_0016016.jpg,-0.6283576,-0.8985702
D:/image_datasets/skin_cancer_images/test\nevus\ISIC_0016017.jpg,-2.6402829,-0.6038806
D:/image_datasets/skin_cancer_images/test\nevus\ISIC_0016018.jpg,-1.4980117,-2.19195
D:/image_datasets/skin_cancer_images/test\nevus\ISIC_0016019.jpg,-1.9915689,-0.3781045
D:/image_datasets/skin_cancer_images/test\nevus\ISIC_0016022.jpg,-0.7814327,-1.9307636
D:/image_datasets/skin_cancer_images/test\nevus\ISIC_0016023.jpg,-1.1165323,-1.1317828
D:/image_datasets/skin_cancer_images/test\nevus\ISIC_0016024.jpg,0.9472765,-2.194393
D:/image_datasets/skin_cancer_images/test\nevus\ISIC_0016025.jpg,-1.3155353,-0.6202214
D:/image_datasets/skin_cancer_images/test\nevus\ISIC_0016026.jpg,-0.22450998,-0.87199324
D:/image_datasets/skin_cancer_images/test\nevus\ISIC_0016027.jpg,-3.3548086,0.13521299
D:/image_datasets/skin_cancer_images/test\nevus\ISIC_0016028.jpg,-1.2848933,-0.59036314
D:/image_datasets/skin_cancer_images/test\nevus\ISIC_0016029.jpg,-1.4768261,0.31794694
D:/image_datasets/skin_cancer_images/test\nevus\ISIC_0016030.jpg,0.50981635,-0.20488359
D:/image_datasets/skin_cancer_images/test\nevus\ISIC_0016031.jpg,0.74535227,-1.5643905
D:/image_datasets/skin_cancer_images/test\nevus\ISIC_0016033.jpg,0.68032986,-1.4302207
D:/image_datasets/skin_cancer_images/test\nevus\ISIC_0016034.jpg,-0.10256035,-0.5557337
D:/image_datasets/skin_cancer_images/test\nevus\ISIC_0016035.jpg,1.2569416,-1.115504
D:/image_datasets/skin_cancer_images/test\nevus\ISIC_0016036.jpg,-0.18881801,-0.2719007
D:/image_datasets/skin_cancer_images/test\nevus\ISIC_0016037.jpg,0.8917343,-1.0849172
D:/image_datasets/skin_cancer_images/test\nevus\ISIC_0016038.jpg,-0.29712358,-1.8921925
D:/image_datasets/skin_cancer_images/test\nevus\ISIC_0016040.jpg,-0.61625403,-2.7019389
D:/image_datasets/skin_cancer_images/test\nevus\ISIC_0016041.jpg,-2.0391674,1.5747219
D:/image_datasets/skin_cancer_images/test\nevus\ISIC_0016042.jpg,0.5662248,-4.860892
D:/image_datasets/skin_cancer_images/test\nevus\ISIC_0016043.jpg,0.17037567,-1.5093942
D:/image_datasets/skin_cancer_images/test\nevus\ISIC_0016044.jpg,0.77984244,0.39943185
D:/image_datasets/skin_cancer_images/test\nevus\ISIC_0016045.jpg,-0.5300661,-1.7594917
D:/image_datasets/skin_cancer_images/test\nevus\ISIC_0016046.jpg,-0.73029816,-3.0957327
D:/image_datasets/skin_cancer_images/test\nevus\ISIC_0016048.jpg,0.70760465,-1.7143025
D:/image_datasets/skin_cancer_images/test\nevus\ISIC_0016049.jpg,-0.4231779,-1.5325
D:/image_datasets/skin_cancer_images/test\nevus\ISIC_0016050.jpg,-0.43304875,-1.3244536
D:/image_datasets/skin_cancer_images/test\nevus\ISIC_0016051.jpg,-1.0022168,-2.3355384
D:/image_datasets/skin_cancer_images/test\nevus\ISIC_0016052.jpg,1.454994,-2.6563134
D:/image_datasets/skin_cancer_images/test\nevus\ISIC_0016053.jpg,-0.81000733,-1.6263098
D:/image_datasets/skin_cancer_images/test\nevus\ISIC_0016054.jpg,-1.6339574,-0.19969621
D:/image_datasets/skin_cancer_images/test\nevus\ISIC_0016055.jpg,-0.23673362,-1.6167291
D:/image_datasets/skin_cancer_images/test\nevus\ISIC_0016056.jpg,-1.5675,-0.14644958
D:/image_datasets/skin_cancer_images/test\nevus\ISIC_0016057.jpg,0.47007748,-3.1893063
D:/image_datasets/skin_cancer_images/test\nevus\ISIC_0016058.jpg,-1.8734454,0.20201178
D:/image_datasets/skin_cancer_images/test\nevus\ISIC_0016059.jpg,2.0752199,-2.9531136
D:/image_datasets/skin_cancer_images/test\nevus\ISIC_0016060.jpg,-1.3771632,-1.6874938
D:/image_datasets/skin_cancer_images/test\nevus\ISIC_0016061.jpg,0.57248366,-3.702592
D:/image_datasets/skin_cancer_images/test\nevus\ISIC_0016062.jpg,0.7089979,-1.9054605
D:/image_datasets/skin_cancer_images/test\nevus\ISIC_0016063.jpg,0.5223684,-2.3395529
D:/image_datasets/skin_cancer_images/test\nevus\ISIC_0016064.jpg,-2.3433912,-0.38951027
D:/image_datasets/skin_cancer_images/test\nevus\ISIC_0016065.jpg,-2.7228925,-0.07537261
D:/image_datasets/skin_cancer_images/test\nevus\ISIC_0016066.jpg,0.2597657,-0.8474757
D:/image_datasets/skin_cancer_images/test\nevus\ISIC_0016068.jpg,0.87926316,-2.3927627
D:/image_datasets/skin_cancer_images/test\nevus\ISIC_0016069.jpg,-0.607561,-2.3738232
D:/image_datasets/skin_cancer_images/test\nevus\ISIC_0016070.jpg,-2.8081396,0.8833217
D:/image_datasets/skin_cancer_images/test\nevus\ISIC_0016071.jpg,0.6358156,-1.0377498
D:/image_datasets/skin_cancer_images/test\nevus\ISIC_0016072.jpg,0.25612542,-2.1457558
D:/image_datasets/skin_cancer_images/test\seborrheic_keratosis\ISIC_0012086.jpg,-1.7536781,-0.44339508
D:/image_datasets/skin_cancer_images/test\seborrheic_keratosis\ISIC_0012134.jpg,0.29616684,-0.4320059
D:/image_datasets/skin_cancer_images/test\seborrheic_keratosis\ISIC_0012136.jpg,-0.6336081,0.2298257
D:/image_datasets/skin_cancer_images/test\seborrheic_keratosis\ISIC_0012178.jpg,-1.9465116,-1.8890808
D:/image_datasets/skin_cancer_images/test\seborrheic_keratosis\ISIC_0012199.jpg,2.0481937,-4.734133
D:/image_datasets/skin_cancer_images/test\seborrheic_keratosis\ISIC_0012207.jpg,-2.3446202,-0.5201167
D:/image_datasets/skin_cancer_images/test\seborrheic_keratosis\ISIC_0012215.jpg,-1.1866933,-0.38197383
D:/image_datasets/skin_cancer_images/test\seborrheic_keratosis\ISIC_0012223.jpg,-0.90650094,-0.05340497
D:/image_datasets/skin_cancer_images/test\seborrheic_keratosis\ISIC_0012240.jpg,-1.0995883,0.0835823
D:/image_datasets/skin_cancer_images/test\seborrheic_keratosis\ISIC_0012248.jpg,-2.050949,-0.24687608
D:/image_datasets/skin_cancer_images/test\seborrheic_keratosis\ISIC_0012265.jpg,-0.0037045851,-2.102092
D:/image_datasets/skin_cancer_images/test\seborrheic_keratosis\ISIC_0012266.jpg,-1.7101531,1.6529852
D:/image_datasets/skin_cancer_images/test\seborrheic_keratosis\ISIC_0012272.jpg,-0.8945364,1.6283027
D:/image_datasets/skin_cancer_images/test\seborrheic_keratosis\ISIC_0012273.jpg,-0.49555603,-0.6024829
D:/image_datasets/skin_cancer_images/test\seborrheic_keratosis\ISIC_0012314.jpg,-3.4783342,0.064471364
D:/image_datasets/skin_cancer_images/test\seborrheic_keratosis\ISIC_0012323.jpg,-1.7291585,-0.44518542
D:/image_datasets/skin_cancer_images/test\seborrheic_keratosis\ISIC_0012330.jpg,-1.2366753,2.0955465
D:/image_datasets/skin_cancer_images/test\seborrheic_keratosis\ISIC_0012358.jpg,-0.4533334,0.9596576
D:/image_datasets/skin_cancer_images/test\seborrheic_keratosis\ISIC_0012364.jpg,-1.4476082,-0.9619744
D:/image_datasets/skin_cancer_images/test\seborrheic_keratosis\ISIC_0012372.jpg,-0.95791835,0.7374226
D:/image_datasets/skin_cancer_images/test\seborrheic_keratosis\ISIC_0012375.jpg,0.5413601,0.2785019
D:/image_datasets/skin_cancer_images/test\seborrheic_keratosis\ISIC_0012387.jpg,-1.4459018,-0.2669367
D:/image_datasets/skin_cancer_images/test\seborrheic_keratosis\ISIC_0012388.jpg,-3.3284461,0.8251882
D:/image_datasets/skin_cancer_images/test\seborrheic_keratosis\ISIC_0012414.jpg,-0.31119636,-2.2414978
D:/image_datasets/skin_cancer_images/test\seborrheic_keratosis\ISIC_0012428.jpg,0.28421697,-1.3757854
D:/image_datasets/skin_cancer_images/test\seborrheic_keratosis\ISIC_0012432.jpg,-1.4400339,-1.6853434
D:/image_datasets/skin_cancer_images/test\seborrheic_keratosis\ISIC_0012447.jpg,-1.3215193,-1.0450261
D:/image_datasets/skin_cancer_images/test\seborrheic_keratosis\ISIC_0012448.jpg,-2.39496,-0.3249921
D:/image_datasets/skin_cancer_images/test\seborrheic_keratosis\ISIC_0012510.jpg,-1.0676422,-1.3008496
D:/image_datasets/skin_cancer_images/test\seborrheic_keratosis\ISIC_0012522.jpg,-4.106241,-1.0371234
D:/image_datasets/skin_cancer_images/test\seborrheic_keratosis\ISIC_0012537.jpg,-1.6456397,-0.5147754
D:/image_datasets/skin_cancer_images/test\seborrheic_keratosis\ISIC_0012548.jpg,-0.7101065,-1.732771
D:/image_datasets/skin_cancer_images/test\seborrheic_keratosis\ISIC_0012705.jpg,-1.5596293,-1.5953549
D:/image_datasets/skin_cancer_images/test\seborrheic_keratosis\ISIC_0012757.jpg,-1.9546547,0.9667574
D:/image_datasets/skin_cancer_images/test\seborrheic_keratosis\ISIC_0012786.jpg,-2.1627145,-0.03677969
D:/image_datasets/skin_cancer_images/test\seborrheic_keratosis\ISIC_0012848.jpg,0.23719135,-1.4436156
D:/image_datasets/skin_cancer_images/test\seborrheic_keratosis\ISIC_0012852.jpg,-3.4524944,0.80080926
D:/image_datasets/skin_cancer_images/test\seborrheic_keratosis\ISIC_0012928.jpg,-1.2906159,-2.0779152
D:/image_datasets/skin_cancer_images/test\seborrheic_keratosis\ISIC_0012955.jpg,-1.5778518,1.2960712
D:/image_datasets/skin_cancer_images/test\seborrheic_keratosis\ISIC_0012974.jpg,-2.5223567,3.5024803
D:/image_datasets/skin_cancer_images/test\seborrheic_keratosis\ISIC_0013030.jpg,-3.047591,-0.12636644
D:/image_datasets/skin_cancer_images/test\seborrheic_keratosis\ISIC_0013035.jpg,-2.2425296,0.17223582
D:/image_datasets/skin_cancer_images/test\seborrheic_keratosis\ISIC_0013085.jpg,-1.9312748,0.9427402
D:/image_datasets/skin_cancer_images/test\seborrheic_keratosis\ISIC_0013169.jpg,-0.4235439,0.4822937
D:/image_datasets/skin_cancer_images/test\seborrheic_keratosis\ISIC_0013170.jpg,-1.4843515,-1.7488991
D:/image_datasets/skin_cancer_images/test\seborrheic_keratosis\ISIC_0013203.jpg,-2.1013975,1.0029639
D:/image_datasets/skin_cancer_images/test\seborrheic_keratosis\ISIC_0013270.jpg,-0.080892555,-3.5284195
D:/image_datasets/skin_cancer_images/test\seborrheic_keratosis\ISIC_0013271.jpg,-0.53603697,-0.5656996
D:/image_datasets/skin_cancer_images/test\seborrheic_keratosis\ISIC_0013281.jpg,-1.5613214,0.41241628
D:/image_datasets/skin_cancer_images/test\seborrheic_keratosis\ISIC_0013319.jpg,-0.011687614,-2.5253544
D:/image_datasets/skin_cancer_images/test\seborrheic_keratosis\ISIC_0013393.jpg,-1.3857539,-0.49413583
D:/image_datasets/skin_cancer_images/test\seborrheic_keratosis\ISIC_0013465.jpg,-1.9240321,-1.409362
D:/image_datasets/skin_cancer_images/test\seborrheic_keratosis\ISIC_0013673.jpg,-3.145992,1.3737972
D:/image_datasets/skin_cancer_images/test\seborrheic_keratosis\ISIC_0013708.jpg,-0.48921427,0.79824317
D:/image_datasets/skin_cancer_images/test\seborrheic_keratosis\ISIC_0013764.jpg,2.0315578,-1.25992
D:/image_datasets/skin_cancer_images/test\seborrheic_keratosis\ISIC_0013977.jpg,-2.2941878,0.9535208
D:/image_datasets/skin_cancer_images/test\seborrheic_keratosis\ISIC_0014006.jpg,-0.7861891,0.0037446953
D:/image_datasets/skin_cancer_images/test\seborrheic_keratosis\ISIC_0014177.jpg,-1.7832258,-0.48347595
D:/image_datasets/skin_cancer_images/test\seborrheic_keratosis\ISIC_0014251.jpg,-2.5065794,-0.16282023
D:/image_datasets/skin_cancer_images/test\seborrheic_keratosis\ISIC_0014278.jpg,-1.963902,-1.2818574
D:/image_datasets/skin_cancer_images/test\seborrheic_keratosis\ISIC_0014386.jpg,-2.8396375,-0.42100158
D:/image_datasets/skin_cancer_images/test\seborrheic_keratosis\ISIC_0014392.jpg,0.4490342,-1.5154957
D:/image_datasets/skin_cancer_images/test\seborrheic_keratosis\ISIC_0014409.jpg,-0.7517798,-1.4195353
D:/image_datasets/skin_cancer_images/test\seborrheic_keratosis\ISIC_0014419.jpg,-1.5772644,-2.3566518
D:/image_datasets/skin_cancer_images/test\seborrheic_keratosis\ISIC_0014457.jpg,-1.4495927,1.4599451
D:/image_datasets/skin_cancer_images/test\seborrheic_keratosis\ISIC_0014474.jpg,-1.0548828,1.7368951
D:/image_datasets/skin_cancer_images/test\seborrheic_keratosis\ISIC_0014500.jpg,-1.0878156,-0.14379418
D:/image_datasets/skin_cancer_images/test\seborrheic_keratosis\ISIC_0014503.jpg,-2.3024886,-1.138884
D:/image_datasets/skin_cancer_images/test\seborrheic_keratosis\ISIC_0014567.jpg,-1.5323905,0.6388851
D:/image_datasets/skin_cancer_images/test\seborrheic_keratosis\ISIC_0014574.jpg,-0.78272665,0.31512198
D:/image_datasets/skin_cancer_images/test\seborrheic_keratosis\ISIC_0014575.jpg,-0.89635074,1.1658926
D:/image_datasets/skin_cancer_images/test\seborrheic_keratosis\ISIC_0014586.jpg,0.1839517,-2.2688978
D:/image_datasets/skin_cancer_images/test\seborrheic_keratosis\ISIC_0014587.jpg,-0.8755843,-0.9096696
D:/image_datasets/skin_cancer_images/test\seborrheic_keratosis\ISIC_0014588.jpg,-0.647573,-2.5665326
D:/image_datasets/skin_cancer_images/test\seborrheic_keratosis\ISIC_0014590.jpg,-1.221093,-0.91316557
D:/image_datasets/skin_cancer_images/test\seborrheic_keratosis\ISIC_0014600.jpg,-2.0185728,-0.582924
D:/image_datasets/skin_cancer_images/test\seborrheic_keratosis\ISIC_0014619.jpg,-0.269312,-1.2358834
D:/image_datasets/skin_cancer_images/test\seborrheic_keratosis\ISIC_0014626.jpg,-2.7294784,2.6065361
D:/image_datasets/skin_cancer_images/test\seborrheic_keratosis\ISIC_0014627.jpg,-1.2791718,0.9952816
D:/image_datasets/skin_cancer_images/test\seborrheic_keratosis\ISIC_0014629.jpg,-2.022051,2.0401888
D:/image_datasets/skin_cancer_images/test\seborrheic_keratosis\ISIC_0014631.jpg,-1.5759932,0.63232934
D:/image_datasets/skin_cancer_images/test\seborrheic_keratosis\ISIC_0014634.jpg,-2.0330987,0.14702684
D:/image_datasets/skin_cancer_images/test\seborrheic_keratosis\ISIC_0014643.jpg,-1.9988405,1.0629706
D:/image_datasets/skin_cancer_images/test\seborrheic_keratosis\ISIC_0014644.jpg,0.29415038,-2.912147
D:/image_datasets/skin_cancer_images/test\seborrheic_keratosis\ISIC_0014645.jpg,-1.3406761,0.25659278
D:/image_datasets/skin_cancer_images/test\seborrheic_keratosis\ISIC_0014647.jpg,-2.0006106,1.2530819
D:/image_datasets/skin_cancer_images/test\seborrheic_keratosis\ISIC_0014648.jpg,-2.4803305,1.4285907
D:/image_datasets/skin_cancer_images/test\seborrheic_keratosis\ISIC_0014649.jpg,-3.9879036,1.7034378
D:/image_datasets/skin_cancer_images/test\seborrheic_keratosis\ISIC_0014652.jpg,-1.0957204,-0.8247784
D:/image_datasets/skin_cancer_images/test\seborrheic_keratosis\ISIC_0014653.jpg,-0.4460589,0.8265881
